{
  "IcoMoonType": "selection",
  "icons": [
    {
      "icon": {
        "paths": [
          "M1024 397.824l-390.101-1.28-123.136-372.224-120.661 372.224-388.779 1.28 314.325 228.48-121.813 373.291h1.237l318.251-229.803 315.563 229.803-121.813-372.48 316.928-229.675z"
        ],
        "attrs": [
          {
            "fill": "rgb(228, 53, 38)"
          }
        ],
        "isMulticolor": false,
        "isMulticolor2": false,
        "tags": [
          "reverbnation"
        ],
        "grid": 0
      },
      "attrs": [
        {
          "fill": "rgb(228, 53, 38)"
        }
      ],
      "properties": {
        "id": 669,
        "order": 53,
        "prevSize": 32,
        "name": "reverbnation"
      },
      "setIdx": 1,
      "setId": 3,
      "iconIdx": 668
    }
  ],
  "height": 1024,
  "preferences": {
    "showGlyphs": true,
    "showQuickUse": true,
    "showQuickUse2": true,
    "showSVGs": true,
    "fontPref": {
      "prefix": "icon-",
      "metadata": {
        "fontFamily": "icomoon"
      },
      "metrics": {
        "emSize": 1024,
        "baseline": 6.25,
        "whitespace": 50
      },
      "embed": false
    },
    "imagePref": {
      "prefix": "icon-",
      "png": false,
      "useClassSelector": true,
      "color": 0,
      "bgColor": 16777215,
      "classSelector": ".icon",
      "name": "icomoon",
      "height": 12,
      "columns": 16,
      "margin": 16,
      "addTitleTags": false,
      "overrideSize": true
    },
    "historySize": 50,
    "showCodes": true,
    "gridSize": 16
  }
}